-- phpMyAdmin SQL Dump
-- version 4.7.4
-- https://www.phpmyadmin.net/
--
-- Host: localhost
-- Generation Time: Oct 28, 2017 at 08:53 AM
-- Server version: 10.1.26-MariaDB
-- PHP Version: 7.1.9

SET SQL_MODE = "NO_AUTO_VALUE_ON_ZERO";
SET AUTOCOMMIT = 0;
START TRANSACTION;
SET time_zone = "+00:00";


/*!40101 SET @OLD_CHARACTER_SET_CLIENT=@@CHARACTER_SET_CLIENT */;
/*!40101 SET @OLD_CHARACTER_SET_RESULTS=@@CHARACTER_SET_RESULTS */;
/*!40101 SET @OLD_COLLATION_CONNECTION=@@COLLATION_CONNECTION */;
/*!40101 SET NAMES utf8mb4 */;

--
-- Database: `baho`
--

-- --------------------------------------------------------

--
-- Table structure for table `book_form`
--

CREATE TABLE `book_form` (
  `id` int(11) NOT NULL,
  `email` varchar(200) COLLATE utf8_unicode_ci NOT NULL,
  `created_at` timestamp NULL DEFAULT NULL,
  `updated_at` timestamp NULL DEFAULT NULL
) ENGINE=InnoDB DEFAULT CHARSET=utf8 COLLATE=utf8_unicode_ci;

--
-- Dumping data for table `book_form`
--

INSERT INTO `book_form` (`id`, `email`, `created_at`, `updated_at`) VALUES
(3, 'aungsoeoo.94s@gmail.com', '2017-09-09 09:33:29', '2017-09-09 09:33:29');

-- --------------------------------------------------------

--
-- Table structure for table `category`
--

CREATE TABLE `category` (
  `id` int(10) UNSIGNED NOT NULL,
  `title` varchar(191) COLLATE utf8mb4_unicode_ci NOT NULL,
  `parent_id` int(11) NOT NULL,
  `description` varchar(191) COLLATE utf8mb4_unicode_ci NOT NULL,
  `main_or_sub` tinyint(4) NOT NULL,
  `created_at` timestamp NULL DEFAULT NULL,
  `updated_at` timestamp NULL DEFAULT NULL
) ENGINE=InnoDB DEFAULT CHARSET=utf8mb4 COLLATE=utf8mb4_unicode_ci;

--
-- Dumping data for table `category`
--

INSERT INTO `category` (`id`, `title`, `parent_id`, `description`, `main_or_sub`, `created_at`, `updated_at`) VALUES
(2, 'News', 0, '', 0, '2017-09-22 13:44:48', '2017-09-22 13:44:48'),
(3, 'Founders', 1, '', 1, '2017-09-22 13:45:36', '2017-09-22 13:45:36'),
(4, 'News Activity', 2, '', 1, '2017-09-22 13:47:20', '2017-09-22 13:47:20'),
(11, 'Gallery', 0, '', 0, '2017-09-22 13:49:36', '2017-09-22 13:49:36'),
(13, 'Latest news', 2, 'ေက်ာင္းနွင့္ပတ္သက္ေသာေနာက္ဆံုးရသတင္းမ်ားကို တင္ေပးပါမည္', 1, '2017-09-28 08:27:23', '2017-09-28 08:27:23'),
(14, 'News Gallery', 11, '', 1, '2017-10-02 09:29:59', '2017-10-02 09:29:59'),
(15, 'Activity Gallery', 11, '', 1, '2017-10-02 09:30:15', '2017-10-02 09:30:15'),
(23, 'Home', 0, '', 0, '2017-10-03 11:28:43', '2017-10-03 11:28:43'),
(24, 'Slider', 23, '', 1, '2017-10-03 11:29:08', '2017-10-03 11:29:08'),
(25, 'About', 23, '', 1, '2017-10-03 11:29:34', '2017-10-03 11:29:34'),
(26, 'SayardawBook', 0, 'sayardaw ebooks', 0, '2017-10-09 17:30:00', '2017-10-09 17:30:00'),
(27, 'Abidama', 26, 'this is abidama books', 1, '2017-10-10 07:26:50', '2017-10-10 07:26:50'),
(29, 'AuWada', 26, 'this is auwada', 1, '2017-10-10 08:13:43', '2017-10-10 08:13:43'),
(30, 'Journals', 0, 'this is jouranls', 0, '2017-10-09 17:30:00', '2017-10-09 17:30:00'),
(31, 'tharkithawe', 30, 'this is tharkithawe journal', 1, '2017-10-10 08:40:26', '2017-10-10 08:40:26'),
(32, 'aungzayartu', 30, 'aungzayyartu', 1, '2017-10-10 08:50:49', '2017-10-10 08:50:49'),
(33, 'form', 0, 'this is form', 0, '2017-10-09 17:30:00', '2017-10-09 17:30:00'),
(34, 'nation', 0, 'this is nation ', 0, '2017-10-09 17:30:00', '2017-10-09 17:30:00'),
(35, 'poem', 0, 'this is poem', 0, '2017-10-09 17:30:00', '2017-10-09 17:30:00'),
(36, 'contact', 0, 'this is contact', 0, '2017-10-09 17:30:00', '2017-10-09 17:30:00'),
(37, 'photo', 0, 'this is photo', 0, '2017-10-09 17:30:00', '2017-10-09 17:30:00'),
(38, 'ဘာသာေရးသတင္း', 2, 'ေန့စဥ္ဘာသာေရးသတင္းမာ်းကို ေဖာ္ျပျခင္း', 1, '2017-10-13 12:30:07', '2017-10-13 12:30:07'),
(39, 'donor', 0, 'thisis donor category', 0, '2017-10-17 17:30:00', NULL),
(40, 'Process', 0, 'this is process category', 0, '2017-10-19 08:30:15', '2017-10-19 08:30:15'),
(41, 'Founder', 0, 'This is founder category', 0, '2017-10-19 10:14:35', '2017-10-19 10:14:35');

-- --------------------------------------------------------

--
-- Table structure for table `contact_form`
--

CREATE TABLE `contact_form` (
  `id` int(10) UNSIGNED NOT NULL,
  `name` varchar(191) COLLATE utf8mb4_unicode_ci NOT NULL,
  `email` varchar(191) COLLATE utf8mb4_unicode_ci NOT NULL,
  `comment` text COLLATE utf8mb4_unicode_ci NOT NULL,
  `created_at` timestamp NULL DEFAULT NULL,
  `updated_at` timestamp NULL DEFAULT NULL
) ENGINE=InnoDB DEFAULT CHARSET=utf8mb4 COLLATE=utf8mb4_unicode_ci;

--
-- Dumping data for table `contact_form`
--

INSERT INTO `contact_form` (`id`, `name`, `email`, `comment`, `created_at`, `updated_at`) VALUES
(1, 'kyawkyaw', 'kyaw@gmail.com', 'this is comment', '2017-09-30 08:54:02', '2017-09-30 08:54:02'),
(2, 'Hein', 'heinhtetaung.sglife@gmail.com', 'dfdf', '2017-10-05 07:18:35', '2017-10-05 07:18:35'),
(3, 'mgmg', 'mgmg@gmail.com', 'THis is comment', '2017-10-18 02:39:37', '2017-10-18 02:39:37'),
(4, 'aso', 'aso@gmail.com', 'This is testing', '2017-10-18 02:41:56', '2017-10-18 02:41:56'),
(5, 'abc', 'abc@gmail.com', 'this is comment', '2017-10-18 02:56:57', '2017-10-18 02:56:57'),
(7, 'abcdef', 'abcdef@gmail.com', 'this is comment', '2017-10-18 02:58:49', '2017-10-18 02:58:49'),
(8, 'testing', 'test@example.com', 'abdddcdcddc', '2017-10-18 03:02:07', '2017-10-18 03:02:07'),
(9, 'test1', 'test1@gmail.com', 'this is msms', '2017-10-18 03:04:33', '2017-10-18 03:04:33'),
(10, 'foo', 'foo@gmail.com', 'this is foo comment', '2017-10-20 11:44:09', '2017-10-20 11:44:09'),
(11, 'bar', 'bar@gmail.com', 'this is test', '2017-10-20 11:47:25', '2017-10-20 11:47:25'),
(12, 'test name', 'test@gmail.com', 'this is testing', '2017-10-20 11:50:23', '2017-10-20 11:50:23'),
(13, 'aungsoeoo', 'aso@exmaple.com', 'this is msg', '2017-10-25 09:38:16', '2017-10-25 09:38:16');

-- --------------------------------------------------------

--
-- Table structure for table `migrations`
--

CREATE TABLE `migrations` (
  `id` int(10) UNSIGNED NOT NULL,
  `migration` varchar(191) COLLATE utf8mb4_unicode_ci NOT NULL,
  `batch` int(11) NOT NULL
) ENGINE=InnoDB DEFAULT CHARSET=utf8mb4 COLLATE=utf8mb4_unicode_ci;

--
-- Dumping data for table `migrations`
--

INSERT INTO `migrations` (`id`, `migration`, `batch`) VALUES
(8, '2014_10_12_000000_create_users_table', 1),
(9, '2014_10_12_100000_create_password_resets_table', 1),
(10, '2017_08_21_150237_create_category_table', 1),
(11, '2017_08_21_151540_create_posts_table', 1),
(12, '2017_08_21_152000_create_postsmeta_table', 1),
(13, '2017_09_04_141003_create_student_table', 1),
(14, '2017_09_04_143648_create_contact_table', 1);

-- --------------------------------------------------------

--
-- Table structure for table `password_resets`
--

CREATE TABLE `password_resets` (
  `email` varchar(191) COLLATE utf8mb4_unicode_ci NOT NULL,
  `token` varchar(191) COLLATE utf8mb4_unicode_ci NOT NULL,
  `created_at` timestamp NULL DEFAULT NULL
) ENGINE=InnoDB DEFAULT CHARSET=utf8mb4 COLLATE=utf8mb4_unicode_ci;

-- --------------------------------------------------------

--
-- Table structure for table `posts`
--

CREATE TABLE `posts` (
  `id` int(10) UNSIGNED NOT NULL,
  `title` varchar(191) COLLATE utf8mb4_unicode_ci NOT NULL,
  `main_category_id` int(11) NOT NULL,
  `sub_category_id` int(11) DEFAULT NULL,
  `short_description` text COLLATE utf8mb4_unicode_ci NOT NULL,
  `detail_description` text COLLATE utf8mb4_unicode_ci NOT NULL,
  `feature_photo` varchar(191) COLLATE utf8mb4_unicode_ci NOT NULL,
  `attach_file` varchar(100) COLLATE utf8mb4_unicode_ci NOT NULL,
  `detail_photo` varchar(191) COLLATE utf8mb4_unicode_ci NOT NULL,
  `custom_field1` varchar(191) COLLATE utf8mb4_unicode_ci NOT NULL,
  `custom_field2` varchar(191) COLLATE utf8mb4_unicode_ci NOT NULL,
  `custom_field3` varchar(191) COLLATE utf8mb4_unicode_ci NOT NULL,
  `custom_field4` varchar(191) COLLATE utf8mb4_unicode_ci NOT NULL,
  `custom_field5` varchar(191) COLLATE utf8mb4_unicode_ci NOT NULL,
  `created_at` timestamp NULL DEFAULT NULL,
  `updated_at` timestamp NULL DEFAULT NULL
) ENGINE=InnoDB DEFAULT CHARSET=utf8mb4 COLLATE=utf8mb4_unicode_ci;

--
-- Dumping data for table `posts`
--

INSERT INTO `posts` (`id`, `title`, `main_category_id`, `sub_category_id`, `short_description`, `detail_description`, `feature_photo`, `attach_file`, `detail_photo`, `custom_field1`, `custom_field2`, `custom_field3`, `custom_field4`, `custom_field5`, `created_at`, `updated_at`) VALUES
(139, 'NCA ၂ ႏွစ္ျပည့္ အခမ္းအနားမွာ ေဒၚေအာင္ဆန္းစုၾကည္၊ ကာခ်ဳပ္နဲ႔ ေကအန္ယူဥကၠ႒တို႔ အမွာစကားေျပာမယ္', 2, 13, 'တစ္ႏိုင္ငံလံုး ပစ္ခတ္ တိုက္ခိုက္မႈရပ္စဲေရးသေဘာတူ စာခ်ဳပ္(NCA) ၂ ႏွစ္ျပည့္အခမ္းအနားကို ေအာက္တုိဘာ ၁၅ ရက္မွာ ေနျပည္ေတာ္မွာ က်င္းပမွာ ျဖစ္ၿပီး ႏုိင္ငံေတာ္၏အတိုင္ပင္ခံပုဂၢိဳလ္ ေဒၚေအာင္ဆန္းစုၾကည္၊ တပ္မေတာ္ကာကြယ္ေရးဦးစီးခ်ဳပ္ ဗိုလ္ခ်ဳပ္မွဴးႀကီး မင္းေအာင္ လိႈင္နဲ႔ ကရင္အမ်ိဳးသားအစည္းအ႐ံုး(KNU)ဥကၠ႒ ဗိုလ္ခ်ဳပ္ႀကီး ေစာမူတူးေစးဖိုးတို႔ မိန္႔ခြန္းေျပာၾကားမယ္လို႔ သိရပါတယ္။', 'တစ္ႏိုင္ငံလံုး ပစ္ခတ္ တိုက္ခိုက္မႈရပ္စဲေရးသေဘာတူ စာခ်ဳပ္(NCA) ၂ ႏွစ္ျပည့္အခမ္းအနားကို ေအာက္တုိဘာ ၁၅ ရက္မွာ ေနျပည္ေတာ္မွာ က်င္းပမွာ ျဖစ္ၿပီး ႏုိင္ငံေတာ္၏အတိုင္ပင္ခံပုဂၢိဳလ္ ေဒၚေအာင္ဆန္းစုၾကည္၊ တပ္မေတာ္ကာကြယ္ေရးဦးစီးခ်ဳပ္ ဗိုလ္ခ်ဳပ္မွဴးႀကီး မင္းေအာင္ လိႈင္နဲ႔ ကရင္အမ်ိဳးသားအစည္းအ႐ံုး(KNU)ဥကၠ႒ ဗိုလ္ခ်ဳပ္ႀကီး ေစာမူတူးေစးဖိုးတို႔ မိန္႔ခြန္းေျပာၾကားမယ္လို႔ သိရပါတယ္။\r\n‘‘မႏွစ္ကဆိုရင္ ေန႔ဝက္ပဲ က်င္းပေတာ့ ေခါင္းေဆာင္သံုးဦး မိန္႔ခြန္းနဲ႔ပဲ အခမ္းအနားၿပီးသြား တယ္။ ဒီႏွစ္ကေတာ့ အဓိပၸာယ္ နည္းနည္းျပည့္ဝေအာင္ ေခါင္း ေဆာင္သံုးဦးမိန္႔ခြန္းအျပင္ အျခားလုပ္ငန္းတိုးတက္မႈအစီရင္ခံစာ သေဘာမ်ိဳး ဌာနအလိုက္ ထည့္ သြင္းဖို႔ အဲဒါလည္း ႏွစ္ဖက္သ ေဘာတူၾကပါတယ္’’လို႔ PNLO ဦးေဆာင္နာယကဗိုလ္မွဴးႀကီး ခြန္ဥကၠာက ေျပာပါတယ္။\r\nအစိုးရကိုယ္စားလွယ္အဖြဲ႕နဲ႔ ဗိုလ္မွဴးႀကီးခြန္ ဥကၠာဦးေဆာင္တဲ့ NCA လက္မွတ္ထိုးရွစ္ဖြဲ႕မွ ကိုယ္စားလွယ္ေတြက ေအာက္တိုဘာ ၁၀ ရက္မွာ ေနျပည္ေတာ္မွာ ေတြ႕ဆံုၿပီး NCA ၂ ႏွစ္ျပည့္အခမ္းအနား က်င္းပေရးအစီအစဥ္အပါအဝင္ အခမ္းအနားကုိ ဖိတ္ၾကားမယ့္ လူစာရင္းကို ေတြ႕ ဆံုညႇိႏိႈင္းခဲ့ပါတယ္။\r\nယခု NCA  ၂ ႏွစ္ျပည့္အခမ္းအနားကုိ NCA လက္မွတ္ထုိးထားတဲ့ တိုင္းရင္းသားလက္နက္ကိုင္အဖြဲ႕အစည္းရွစ္ဖြဲ႕က ကိုယ္စားလွယ္ ၉၀ ဦးအပါအ၀င္ လူ ၄၀၀ ခန္႔တက္ေရာက္မွာျဖစ္ကာ အခမ္းအနားကို ကုလသမဂၢႏုိင္ငံေရးဌာနမွ အတြင္းေရးမွဴးအပါအဝင္ ျမန္မာႏိုင္ငံဆုိင္ရာ ႏုိင္ငံတကာသံ႐ံုးအသီးသီးက ကိုယ္စားလွယ္ေတြနဲ႔ NCA စာခ်ဳပ္မွာ သက္ေသအျဖစ္ ပါဝင္လက္မွတ္ထုိးထားသူအားလံုးကို ဖိတ္ၾကား မယ္လို႔ သိရပါတယ္။', 'daw-su.jpg', '', 'duw0su.jpg', '', '', '', '', '', '2017-10-11 10:13:42', '2017-10-11 10:13:42'),
(140, 'dual camera ပါ Honor 7X ကို တရားဝင္မိတ္ဆက္', 2, 13, 'Huawei ရဲ့ brand ခဲြတစ္ခု ျဖစ္တဲ့ Honor ဟာ အဆင့္ျမင့္ ဖုန္းဒီဇိုင္းအခ်ိဳးုအစားသံုးထားတဲ့ Honor 7X ကို တရားဝင္ထုတ္ေဖာ္ မိတ္ဆက္လိုက္ျပီ ျဖစ္ပါတယ္။', 'ဒီေန ့စမတ္ဖုန္းဒီဇိုင္း ေလာကမွာ နာမည္ၾကီးတဲ့ 18:9 aspect ratio ကို သံုးထားတဲ့ အခ်က္ကပဲ Honor 7X ကို အရင္ Honor 6X နဲ ့ျခားနားေစတဲ့အေၾကာင္း ျဖစ္လာပါတယ္။ မ်က္ႏွာျပင္ ဆိုဒ္အေနနဲ ့ ၅.၉၃ လက္မအထိ ရိွလာေပမယ့္ ဒီဇိုင္းပိုင္းမွာ ရွည္သြယ္သြယ္နဲ ့ကိုင္လို ့အဆင္ေျပမယ့္ ဒီဇိုင္းပါပဲ။ 1080p ရုပ္ထြက္ရိွတဲ့ Full HD+ display ေပၚမွာေတာ့ 2.5D အၾကမ္းခံမွန္ခံုး အုပ္ထားသလို ေဘးေဘာင္ bezel ေတြလည္း ပါးပါးေလး ျဖစ္လာပါတယ္။ \r\nသတၳဳကိုယ္ထည္ျပည့္ ဒီဇိုင္းပါ Honor 7X ဟာ အလတ္တန္းစား ေစ်းနဲ ့ထြက္လာတဲ့ ဖုန္းျဖစ္ျပီး Kirin 659 chipset နဲ ့RAM 4GB ကို တဲြသံုးထားပါတယ္။ storage ကေတာ့ 32GB , 64GB နဲ ့128GB ဆိုျပီး သံုးမ်ိဳးထြက္လာတာ ျဖစ္သလို microSD card ကေနလည္း ေနာက္ထပ္ 256GB အထိ ထပ္တိုးႏိုင္မွာပါ။ Honor 7X မွာ သံုးထားတဲ့ ဘက္ထရီဟာ 3340 mAh ဘက္ထရီ ျဖစ္ျပီး Huawei ရဲ့ အားသြင္းနည္းပညာျဖစ္တဲ့ SuperCharge ကို သံုးထားလို ့အားသြင္းရ ျမန္ဆန္ေနမွာ ျဖစ္ပါတယ္။ \r\nHonor 7X ရဲ့ ထူးျခားခ်က္တစ္ခုက ေရစိုတာ ၊ ဖုန္တင္တာကို IP67 rating အထိ ခံႏိုင္ရည္ ရိွလာတာပါ။ ေဆာ့ဖ္ဝဲလ္အေနနဲ ့လည္း Android 7.1 Nougat သံုးထားသလို မၾကာခင္မွာ Oreo version ကို ေျပာင္းျပီး upgrade ျမွင့္ႏိုင္ေတာ့မွာ ျဖစ္ပါတယ္။ ကင္မရာပိုင္းအေနနဲ ့Honor 7X ဟာ ေက်ာဘက္မွာ 16MP နဲ ့2MP ကင္မရာႏွစ္လံုးတဲြ သံုးထားျပီး ေရွ ့ကင္မရာကုိေတာ့ 8MP ကင္မရာသံုးထားပါတယ္။ ေက်ာဘက္မွာေတာ့ Honor 6X လိုပဲ fingerprint scanner ပါရိွပါတယ္။', 'Honor-7X-768x790.jpg', '', 'huawei-honor-7x-official-1507720403019.jpg', '', '', '', '', '', '2017-10-11 10:17:24', '2017-10-11 10:17:24'),
(142, 'Buddha’s early life', 26, 27, 'aaa', 'ddd', 'Buddha_Shakyamuni_painting_tree_enlightenment_Bodghaya.jpg', 'demo.pdf', '', '', '', '', '', '', '2017-10-11 10:38:49', '2017-10-27 12:18:43'),
(143, 'မေကာင္းမွုေရွာင္ေကာင္းမွဳေဆာင္', 26, 27, '', '', 'boss-baby.png', 'HTU-21D.pdf', '', '', '', '', '', '', '2017-10-11 10:30:24', '2017-10-11 10:30:24'),
(144, 'တရားဘာဝနာ ပြားမ်ားပါ', 26, 27, 'edgrtfhrthrt', 'fhtjtjt', '2H9A1595.JPG', '110 Android Secret Codes, Hidden Menu, and Dialler Codes.pdf', '', '', '', '', '', '', '2017-10-11 10:38:49', '2017-10-27 12:17:16'),
(145, 'HTU ebook၁', 26, 27, '', '', 'boss-baby.png', 'HTU-21D.pdf', '', '', '', '', '', '', '2017-10-11 10:30:24', '2017-10-11 10:30:24'),
(147, 'မေကာင္းမွုေရွာင္ေကာင္းမွဳေဆာင္ ၁', 26, 27, '', '', 'boss-baby.png', 'HTU-21D.pdf', '', '', '', '', '', '', '2017-10-11 10:30:24', '2017-10-11 10:30:24'),
(149, 'NCA ၂ ႏွစ္ျပည့္ အခမ္းအနားမွာ ေဒၚေအာင္ဆန္းစုၾကည္၊ ကာခ်ဳပ္နဲ႔ ေကအန္ယူဥကၠ႒တို႔ အမွာစကားေျပာမယ္', 2, 13, 'တစ္ႏိုင္ငံလံုး ပစ္ခတ္ တိုက္ခိုက္မႈရပ္စဲေရးသေဘာတူ စာခ်ဳပ္(NCA) ၂ ႏွစ္ျပည့္အခမ္းအနားကို ေအာက္တုိဘာ ၁၅ ရက္မွာ ေနျပည္ေတာ္မွာ က်င္းပမွာ ျဖစ္ၿပီး ႏုိင္ငံေတာ္၏အတိုင္ပင္ခံပုဂၢိဳလ္ ေဒၚေအာင္ဆန္းစုၾကည္၊ တပ္မေတာ္ကာကြယ္ေရးဦးစီးခ်ဳပ္ ဗိုလ္ခ်ဳပ္မွဴးႀကီး မင္းေအာင္ လိႈင္နဲ႔ ကရင္အမ်ိဳးသားအစည္းအ႐ံုး(KNU)ဥကၠ႒ ဗိုလ္ခ်ဳပ္ႀကီး ေစာမူတူးေစးဖိုးတို႔ မိန္႔ခြန္းေျပာၾကားမယ္လို႔ သိရပါတယ္။', 'တစ္ႏိုင္ငံလံုး ပစ္ခတ္ တိုက္ခိုက္မႈရပ္စဲေရးသေဘာတူ စာခ်ဳပ္(NCA) ၂ ႏွစ္ျပည့္အခမ္းအနားကို ေအာက္တုိဘာ ၁၅ ရက္မွာ ေနျပည္ေတာ္မွာ က်င္းပမွာ ျဖစ္ၿပီး ႏုိင္ငံေတာ္၏အတိုင္ပင္ခံပုဂၢိဳလ္ ေဒၚေအာင္ဆန္းစုၾကည္၊ တပ္မေတာ္ကာကြယ္ေရးဦးစီးခ်ဳပ္ ဗိုလ္ခ်ဳပ္မွဴးႀကီး မင္းေအာင္ လိႈင္နဲ႔ ကရင္အမ်ိဳးသားအစည္းအ႐ံုး(KNU)ဥကၠ႒ ဗိုလ္ခ်ဳပ္ႀကီး ေစာမူတူးေစးဖိုးတို႔ မိန္႔ခြန္းေျပာၾကားမယ္လို႔ သိရပါတယ္။\r\n‘‘မႏွစ္ကဆိုရင္ ေန႔ဝက္ပဲ က်င္းပေတာ့ ေခါင္းေဆာင္သံုးဦး မိန္႔ခြန္းနဲ႔ပဲ အခမ္းအနားၿပီးသြား တယ္။ ဒီႏွစ္ကေတာ့ အဓိပၸာယ္ နည္းနည္းျပည့္ဝေအာင္ ေခါင္း ေဆာင္သံုးဦးမိန္႔ခြန္းအျပင္ အျခားလုပ္ငန္းတိုးတက္မႈအစီရင္ခံစာ သေဘာမ်ိဳး ဌာနအလိုက္ ထည့္ သြင္းဖို႔ အဲဒါလည္း ႏွစ္ဖက္သ ေဘာတူၾကပါတယ္’’လို႔ PNLO ဦးေဆာင္နာယကဗိုလ္မွဴးႀကီး ခြန္ဥကၠာက ေျပာပါတယ္။\r\nအစိုးရကိုယ္စားလွယ္အဖြဲ႕နဲ႔ ဗိုလ္မွဴးႀကီးခြန္ ဥကၠာဦးေဆာင္တဲ့ NCA လက္မွတ္ထိုးရွစ္ဖြဲ႕မွ ကိုယ္စားလွယ္ေတြက ေအာက္တိုဘာ ၁၀ ရက္မွာ ေနျပည္ေတာ္မွာ ေတြ႕ဆံုၿပီး NCA ၂ ႏွစ္ျပည့္အခမ္းအနား က်င္းပေရးအစီအစဥ္အပါအဝင္ အခမ္းအနားကုိ ဖိတ္ၾကားမယ့္ လူစာရင္းကို ေတြ႕ ဆံုညႇိႏိႈင္းခဲ့ပါတယ္။\r\nယခု NCA  ၂ ႏွစ္ျပည့္အခမ္းအနားကုိ NCA လက္မွတ္ထုိးထားတဲ့ တိုင္းရင္းသားလက္နက္ကိုင္အဖြဲ႕အစည္းရွစ္ဖြဲ႕က ကိုယ္စားလွယ္ ၉၀ ဦးအပါအ၀င္ လူ ၄၀၀ ခန္႔တက္ေရာက္မွာျဖစ္ကာ အခမ္းအနားကို ကုလသမဂၢႏုိင္ငံေရးဌာနမွ အတြင္းေရးမွဴးအပါအဝင္ ျမန္မာႏိုင္ငံဆုိင္ရာ ႏုိင္ငံတကာသံ႐ံုးအသီးသီးက ကိုယ္စားလွယ္ေတြနဲ႔ NCA စာခ်ဳပ္မွာ သက္ေသအျဖစ္ ပါဝင္လက္မွတ္ထုိးထားသူအားလံုးကို ဖိတ္ၾကား မယ္လို႔ သိရပါတယ္။', 'daw-su.jpg', '', 'duw0su.jpg', '', '', '', '', '', '2017-10-11 10:13:42', '2017-10-11 10:13:42'),
(150, 'dual camera ပါ Honor 7X ကို တရားဝင္မိတ္ဆက္', 2, 13, 'Huawei ရဲ့ brand ခဲြတစ္ခု ျဖစ္တဲ့ Honor ဟာ အဆင့္ျမင့္ ဖုန္းဒီဇိုင္းအခ်ိဳးုအစားသံုးထားတဲ့ Honor 7X ကို တရားဝင္ထုတ္ေဖာ္ မိတ္ဆက္လိုက္ျပီ ျဖစ္ပါတယ္။', 'ဒီေန ့စမတ္ဖုန္းဒီဇိုင္း ေလာကမွာ နာမည္ၾကီးတဲ့ 18:9 aspect ratio ကို သံုးထားတဲ့ အခ်က္ကပဲ Honor 7X ကို အရင္ Honor 6X နဲ ့ျခားနားေစတဲ့အေၾကာင္း ျဖစ္လာပါတယ္။ မ်က္ႏွာျပင္ ဆိုဒ္အေနနဲ ့ ၅.၉၃ လက္မအထိ ရိွလာေပမယ့္ ဒီဇိုင္းပိုင္းမွာ ရွည္သြယ္သြယ္နဲ ့ကိုင္လို ့အဆင္ေျပမယ့္ ဒီဇိုင္းပါပဲ။ 1080p ရုပ္ထြက္ရိွတဲ့ Full HD+ display ေပၚမွာေတာ့ 2.5D အၾကမ္းခံမွန္ခံုး အုပ္ထားသလို ေဘးေဘာင္ bezel ေတြလည္း ပါးပါးေလး ျဖစ္လာပါတယ္။ \r\nသတၳဳကိုယ္ထည္ျပည့္ ဒီဇိုင္းပါ Honor 7X ဟာ အလတ္တန္းစား ေစ်းနဲ ့ထြက္လာတဲ့ ဖုန္းျဖစ္ျပီး Kirin 659 chipset နဲ ့RAM 4GB ကို တဲြသံုးထားပါတယ္။ storage ကေတာ့ 32GB , 64GB နဲ ့128GB ဆိုျပီး သံုးမ်ိဳးထြက္လာတာ ျဖစ္သလို microSD card ကေနလည္း ေနာက္ထပ္ 256GB အထိ ထပ္တိုးႏိုင္မွာပါ။ Honor 7X မွာ သံုးထားတဲ့ ဘက္ထရီဟာ 3340 mAh ဘက္ထရီ ျဖစ္ျပီး Huawei ရဲ့ အားသြင္းနည္းပညာျဖစ္တဲ့ SuperCharge ကို သံုးထားလို ့အားသြင္းရ ျမန္ဆန္ေနမွာ ျဖစ္ပါတယ္။ \r\nHonor 7X ရဲ့ ထူးျခားခ်က္တစ္ခုက ေရစိုတာ ၊ ဖုန္တင္တာကို IP67 rating အထိ ခံႏိုင္ရည္ ရိွလာတာပါ။ ေဆာ့ဖ္ဝဲလ္အေနနဲ ့လည္း Android 7.1 Nougat သံုးထားသလို မၾကာခင္မွာ Oreo version ကို ေျပာင္းျပီး upgrade ျမွင့္ႏိုင္ေတာ့မွာ ျဖစ္ပါတယ္။ ကင္မရာပိုင္းအေနနဲ ့Honor 7X ဟာ ေက်ာဘက္မွာ 16MP နဲ ့2MP ကင္မရာႏွစ္လံုးတဲြ သံုးထားျပီး ေရွ ့ကင္မရာကုိေတာ့ 8MP ကင္မရာသံုးထားပါတယ္။ ေက်ာဘက္မွာေတာ့ Honor 6X လိုပဲ fingerprint scanner ပါရိွပါတယ္။', 'Honor-7X-768x790.jpg', '', 'huawei-honor-7x-official-1507720403019.jpg', '', '', '', '', '', '2017-10-11 10:17:24', '2017-10-11 10:17:24'),
(153, 'မေကာင္းမွုေရွာင္ေကာင္းမွဳေဆာင္', 26, 27, '', '', 'boss-baby.png', 'HTU-21D.pdf', '', '', '', '', '', '', '2017-10-11 10:30:24', '2017-10-11 10:30:24'),
(159, 'HTU ebook၁', 26, 27, '', '', 'boss-baby.png', 'HTU-21D.pdf', '', '', '', '', '', '', '2017-10-11 10:30:24', '2017-10-11 10:30:24'),
(161, 'မေကာင္းမွုေရွာင္ေကာင္းမွဳေဆာင္ ၁', 26, 27, '', '', 'boss-baby.png', 'HTU-21D.pdf', '', '', '', '', '', '', '2017-10-11 10:30:24', '2017-10-11 10:30:24'),
(163, 'NCA ၂ ႏွစ္ျပည့္ အခမ္းအနားမွာ ေဒၚေအာင္ဆန္းစုၾကည္၊ ကာခ်ဳပ္နဲ႔ ေကအန္ယူဥကၠ႒တို႔ အမွာစကားေျပာမယ္', 2, 13, 'တစ္ႏိုင္ငံလံုး ပစ္ခတ္ တိုက္ခိုက္မႈရပ္စဲေရးသေဘာတူ စာခ်ဳပ္(NCA) ၂ ႏွစ္ျပည့္အခမ္းအနားကို ေအာက္တုိဘာ ၁၅ ရက္မွာ ေနျပည္ေတာ္မွာ က်င္းပမွာ ျဖစ္ၿပီး ႏုိင္ငံေတာ္၏အတိုင္ပင္ခံပုဂၢိဳလ္ ေဒၚေအာင္ဆန္းစုၾကည္၊ တပ္မေတာ္ကာကြယ္ေရးဦးစီးခ်ဳပ္ ဗိုလ္ခ်ဳပ္မွဴးႀကီး မင္းေအာင္ လိႈင္နဲ႔ ကရင္အမ်ိဳးသားအစည္းအ႐ံုး(KNU)ဥကၠ႒ ဗိုလ္ခ်ဳပ္ႀကီး ေစာမူတူးေစးဖိုးတို႔ မိန္႔ခြန္းေျပာၾကားမယ္လို႔ သိရပါတယ္။', 'တစ္ႏိုင္ငံလံုး ပစ္ခတ္ တိုက္ခိုက္မႈရပ္စဲေရးသေဘာတူ စာခ်ဳပ္(NCA) ၂ ႏွစ္ျပည့္အခမ္းအနားကို ေအာက္တုိဘာ ၁၅ ရက္မွာ ေနျပည္ေတာ္မွာ က်င္းပမွာ ျဖစ္ၿပီး ႏုိင္ငံေတာ္၏အတိုင္ပင္ခံပုဂၢိဳလ္ ေဒၚေအာင္ဆန္းစုၾကည္၊ တပ္မေတာ္ကာကြယ္ေရးဦးစီးခ်ဳပ္ ဗိုလ္ခ်ဳပ္မွဴးႀကီး မင္းေအာင္ လိႈင္နဲ႔ ကရင္အမ်ိဳးသားအစည္းအ႐ံုး(KNU)ဥကၠ႒ ဗိုလ္ခ်ဳပ္ႀကီး ေစာမူတူးေစးဖိုးတို႔ မိန္႔ခြန္းေျပာၾကားမယ္လို႔ သိရပါတယ္။\r\n‘‘မႏွစ္ကဆိုရင္ ေန႔ဝက္ပဲ က်င္းပေတာ့ ေခါင္းေဆာင္သံုးဦး မိန္႔ခြန္းနဲ႔ပဲ အခမ္းအနားၿပီးသြား တယ္။ ဒီႏွစ္ကေတာ့ အဓိပၸာယ္ နည္းနည္းျပည့္ဝေအာင္ ေခါင္း ေဆာင္သံုးဦးမိန္႔ခြန္းအျပင္ အျခားလုပ္ငန္းတိုးတက္မႈအစီရင္ခံစာ သေဘာမ်ိဳး ဌာနအလိုက္ ထည့္ သြင္းဖို႔ အဲဒါလည္း ႏွစ္ဖက္သ ေဘာတူၾကပါတယ္’’လို႔ PNLO ဦးေဆာင္နာယကဗိုလ္မွဴးႀကီး ခြန္ဥကၠာက ေျပာပါတယ္။\r\nအစိုးရကိုယ္စားလွယ္အဖြဲ႕နဲ႔ ဗိုလ္မွဴးႀကီးခြန္ ဥကၠာဦးေဆာင္တဲ့ NCA လက္မွတ္ထိုးရွစ္ဖြဲ႕မွ ကိုယ္စားလွယ္ေတြက ေအာက္တိုဘာ ၁၀ ရက္မွာ ေနျပည္ေတာ္မွာ ေတြ႕ဆံုၿပီး NCA ၂ ႏွစ္ျပည့္အခမ္းအနား က်င္းပေရးအစီအစဥ္အပါအဝင္ အခမ္းအနားကုိ ဖိတ္ၾကားမယ့္ လူစာရင္းကို ေတြ႕ ဆံုညႇိႏိႈင္းခဲ့ပါတယ္။\r\nယခု NCA  ၂ ႏွစ္ျပည့္အခမ္းအနားကုိ NCA လက္မွတ္ထုိးထားတဲ့ တိုင္းရင္းသားလက္နက္ကိုင္အဖြဲ႕အစည္းရွစ္ဖြဲ႕က ကိုယ္စားလွယ္ ၉၀ ဦးအပါအ၀င္ လူ ၄၀၀ ခန္႔တက္ေရာက္မွာျဖစ္ကာ အခမ္းအနားကို ကုလသမဂၢႏုိင္ငံေရးဌာနမွ အတြင္းေရးမွဴးအပါအဝင္ ျမန္မာႏိုင္ငံဆုိင္ရာ ႏုိင္ငံတကာသံ႐ံုးအသီးသီးက ကိုယ္စားလွယ္ေတြနဲ႔ NCA စာခ်ဳပ္မွာ သက္ေသအျဖစ္ ပါဝင္လက္မွတ္ထုိးထားသူအားလံုးကို ဖိတ္ၾကား မယ္လို႔ သိရပါတယ္။', 'daw-su.jpg', '', 'duw0su.jpg', '', '', '', '', '', '2017-10-11 10:13:42', '2017-10-11 10:13:42'),
(164, 'dual camera ပါ Honor 7X ကို တရားဝင္မိတ္ဆက္', 2, 13, 'Huawei ရဲ့ brand ခဲြတစ္ခု ျဖစ္တဲ့ Honor ဟာ အဆင့္ျမင့္ ဖုန္းဒီဇိုင္းအခ်ိဳးုအစားသံုးထားတဲ့ Honor 7X ကို တရားဝင္ထုတ္ေဖာ္ မိတ္ဆက္လိုက္ျပီ ျဖစ္ပါတယ္။', 'ဒီေန ့စမတ္ဖုန္းဒီဇိုင္း ေလာကမွာ နာမည္ၾကီးတဲ့ 18:9 aspect ratio ကို သံုးထားတဲ့ အခ်က္ကပဲ Honor 7X ကို အရင္ Honor 6X နဲ ့ျခားနားေစတဲ့အေၾကာင္း ျဖစ္လာပါတယ္။ မ်က္ႏွာျပင္ ဆိုဒ္အေနနဲ ့ ၅.၉၃ လက္မအထိ ရိွလာေပမယ့္ ဒီဇိုင္းပိုင္းမွာ ရွည္သြယ္သြယ္နဲ ့ကိုင္လို ့အဆင္ေျပမယ့္ ဒီဇိုင္းပါပဲ။ 1080p ရုပ္ထြက္ရိွတဲ့ Full HD+ display ေပၚမွာေတာ့ 2.5D အၾကမ္းခံမွန္ခံုး အုပ္ထားသလို ေဘးေဘာင္ bezel ေတြလည္း ပါးပါးေလး ျဖစ္လာပါတယ္။ \r\nသတၳဳကိုယ္ထည္ျပည့္ ဒီဇိုင္းပါ Honor 7X ဟာ အလတ္တန္းစား ေစ်းနဲ ့ထြက္လာတဲ့ ဖုန္းျဖစ္ျပီး Kirin 659 chipset နဲ ့RAM 4GB ကို တဲြသံုးထားပါတယ္။ storage ကေတာ့ 32GB , 64GB နဲ ့128GB ဆိုျပီး သံုးမ်ိဳးထြက္လာတာ ျဖစ္သလို microSD card ကေနလည္း ေနာက္ထပ္ 256GB အထိ ထပ္တိုးႏိုင္မွာပါ။ Honor 7X မွာ သံုးထားတဲ့ ဘက္ထရီဟာ 3340 mAh ဘက္ထရီ ျဖစ္ျပီး Huawei ရဲ့ အားသြင္းနည္းပညာျဖစ္တဲ့ SuperCharge ကို သံုးထားလို ့အားသြင္းရ ျမန္ဆန္ေနမွာ ျဖစ္ပါတယ္။ \r\nHonor 7X ရဲ့ ထူးျခားခ်က္တစ္ခုက ေရစိုတာ ၊ ဖုန္တင္တာကို IP67 rating အထိ ခံႏိုင္ရည္ ရိွလာတာပါ။ ေဆာ့ဖ္ဝဲလ္အေနနဲ ့လည္း Android 7.1 Nougat သံုးထားသလို မၾကာခင္မွာ Oreo version ကို ေျပာင္းျပီး upgrade ျမွင့္ႏိုင္ေတာ့မွာ ျဖစ္ပါတယ္။ ကင္မရာပိုင္းအေနနဲ ့Honor 7X ဟာ ေက်ာဘက္မွာ 16MP နဲ ့2MP ကင္မရာႏွစ္လံုးတဲြ သံုးထားျပီး ေရွ ့ကင္မရာကုိေတာ့ 8MP ကင္မရာသံုးထားပါတယ္။ ေက်ာဘက္မွာေတာ့ Honor 6X လိုပဲ fingerprint scanner ပါရိွပါတယ္။', 'Honor-7X-768x790.jpg', '', 'huawei-honor-7x-official-1507720403019.jpg', '', '', '', '', '', '2017-10-11 10:17:24', '2017-10-11 10:17:24'),
(165, 'မေကာင္းမွုေရွာင္ေကာင္းမွဳေဆာင္', 26, 27, '', '', 'boss-baby.png', 'HTU-21D.pdf', '', '', '', '', '', '', '2017-10-11 10:30:24', '2017-10-11 10:30:24'),
(167, 'HTU ebook၁', 26, 27, '', '', 'boss-baby.png', 'HTU-21D.pdf', '', '', '', '', '', '', '2017-10-11 10:30:24', '2017-10-11 10:30:24'),
(169, 'မေကာင္းမွုေရွာင္ေကာင္းမွဳေဆာင္ ၁', 26, 27, '', '', 'boss-baby.png', 'HTU-21D.pdf', '', '', '', '', '', '', '2017-10-11 10:30:24', '2017-10-11 10:30:24'),
(170, 'တရားဘာဝနာ ပြားမ်ားပါ ၁', 26, 27, 'dgfverge', 'egege', '၃၈.jpeg', 'ဦးကုလား.pdf', '', '', '', '', '', '', '2017-10-11 10:38:49', '2017-10-27 12:45:17'),
(171, 'HTU ebook၁', 26, 27, '', '', 'boss-baby.png', 'HTU-21D.pdf', '', '', '', '', '', '', '2017-10-11 10:30:24', '2017-10-11 10:30:24'),
(173, 'မေကာင္းမွုေရွာင္ေကာင္းမွဳေဆာင္ ၁', 26, 27, '', '', 'boss-baby.png', 'HTU-21D.pdf', '', '', '', '', '', '', '2017-10-11 10:30:24', '2017-10-11 10:30:24'),
(174, 'တရားဘာဝနာ ပြားမ်ားပါ ၁', 26, 27, '', '', 'boss-baby.png', '', '', '', '', '', '', '', '2017-10-11 10:38:49', '2017-10-11 10:38:49'),
(175, 'NCA ၂ ႏွစ္ျပည့္ အခမ္းအနားမွာ ေဒၚေအာင္ဆန္းစုၾကည္၊ ကာခ်ဳပ္နဲ႔ ေကအန္ယူဥကၠ႒တို႔ အမွာစကားေျပာမယ္', 2, 13, 'တစ္ႏိုင္ငံလံုး ပစ္ခတ္ တိုက္ခိုက္မႈရပ္စဲေရးသေဘာတူ စာခ်ဳပ္(NCA) ၂ ႏွစ္ျပည့္အခမ္းအနားကို ေအာက္တုိဘာ ၁၅ ရက္မွာ ေနျပည္ေတာ္မွာ က်င္းပမွာ ျဖစ္ၿပီး ႏုိင္ငံေတာ္၏အတိုင္ပင္ခံပုဂၢိဳလ္ ေဒၚေအာင္ဆန္းစုၾကည္၊ တပ္မေတာ္ကာကြယ္ေရးဦးစီးခ်ဳပ္ ဗိုလ္ခ်ဳပ္မွဴးႀကီး မင္းေအာင္ လိႈင္နဲ႔ ကရင္အမ်ိဳးသားအစည္းအ႐ံုး(KNU)ဥကၠ႒ ဗိုလ္ခ်ဳပ္ႀကီး ေစာမူတူးေစးဖိုးတို႔ မိန္႔ခြန္းေျပာၾကားမယ္လို႔ သိရပါတယ္။', 'တစ္ႏိုင္ငံလံုး ပစ္ခတ္ တိုက္ခိုက္မႈရပ္စဲေရးသေဘာတူ စာခ်ဳပ္(NCA) ၂ ႏွစ္ျပည့္အခမ္းအနားကို ေအာက္တုိဘာ ၁၅ ရက္မွာ ေနျပည္ေတာ္မွာ က်င္းပမွာ ျဖစ္ၿပီး ႏုိင္ငံေတာ္၏အတိုင္ပင္ခံပုဂၢိဳလ္ ေဒၚေအာင္ဆန္းစုၾကည္၊ တပ္မေတာ္ကာကြယ္ေရးဦးစီးခ်ဳပ္ ဗိုလ္ခ်ဳပ္မွဴးႀကီး မင္းေအာင္ လိႈင္နဲ႔ ကရင္အမ်ိဳးသားအစည္းအ႐ံုး(KNU)ဥကၠ႒ ဗိုလ္ခ်ဳပ္ႀကီး ေစာမူတူးေစးဖိုးတို႔ မိန္႔ခြန္းေျပာၾကားမယ္လို႔ သိရပါတယ္။\r\n‘‘မႏွစ္ကဆိုရင္ ေန႔ဝက္ပဲ က်င္းပေတာ့ ေခါင္းေဆာင္သံုးဦး မိန္႔ခြန္းနဲ႔ပဲ အခမ္းအနားၿပီးသြား တယ္။ ဒီႏွစ္ကေတာ့ အဓိပၸာယ္ နည္းနည္းျပည့္ဝေအာင္ ေခါင္း ေဆာင္သံုးဦးမိန္႔ခြန္းအျပင္ အျခားလုပ္ငန္းတိုးတက္မႈအစီရင္ခံစာ သေဘာမ်ိဳး ဌာနအလိုက္ ထည့္ သြင္းဖို႔ အဲဒါလည္း ႏွစ္ဖက္သ ေဘာတူၾကပါတယ္’’လို႔ PNLO ဦးေဆာင္နာယကဗိုလ္မွဴးႀကီး ခြန္ဥကၠာက ေျပာပါတယ္။\r\nအစိုးရကိုယ္စားလွယ္အဖြဲ႕နဲ႔ ဗိုလ္မွဴးႀကီးခြန္ ဥကၠာဦးေဆာင္တဲ့ NCA လက္မွတ္ထိုးရွစ္ဖြဲ႕မွ ကိုယ္စားလွယ္ေတြက ေအာက္တိုဘာ ၁၀ ရက္မွာ ေနျပည္ေတာ္မွာ ေတြ႕ဆံုၿပီး NCA ၂ ႏွစ္ျပည့္အခမ္းအနား က်င္းပေရးအစီအစဥ္အပါအဝင္ အခမ္းအနားကုိ ဖိတ္ၾကားမယ့္ လူစာရင္းကို ေတြ႕ ဆံုညႇိႏိႈင္းခဲ့ပါတယ္။\r\nယခု NCA  ၂ ႏွစ္ျပည့္အခမ္းအနားကုိ NCA လက္မွတ္ထုိးထားတဲ့ တိုင္းရင္းသားလက္နက္ကိုင္အဖြဲ႕အစည္းရွစ္ဖြဲ႕က ကိုယ္စားလွယ္ ၉၀ ဦးအပါအ၀င္ လူ ၄၀၀ ခန္႔တက္ေရာက္မွာျဖစ္ကာ အခမ္းအနားကို ကုလသမဂၢႏုိင္ငံေရးဌာနမွ အတြင္းေရးမွဴးအပါအဝင္ ျမန္မာႏိုင္ငံဆုိင္ရာ ႏုိင္ငံတကာသံ႐ံုးအသီးသီးက ကိုယ္စားလွယ္ေတြနဲ႔ NCA စာခ်ဳပ္မွာ သက္ေသအျဖစ္ ပါဝင္လက္မွတ္ထုိးထားသူအားလံုးကို ဖိတ္ၾကား မယ္လို႔ သိရပါတယ္။', 'daw-su.jpg', '', 'duw0su.jpg', '', '', '', '', '', '2017-10-11 10:13:42', '2017-10-11 10:13:42'),
(176, 'The life of the Buddha', 2, 38, 'The life story of the Buddha begins in Lumbini, near the border of Nepal and India, about 2,600 years ago, where the man Siddharta Gautama was born.', 'Although born a prince, he realized that conditioned experiences could not provide lasting happiness or protection from suffering. After a long spiritual search he went into deep meditation, where he realized the nature of mind. He achieved the state of unconditional and lasting happiness: the state of enlightenment, of buddhahood. This state of mind is free from disturbing emotions and expresses itself through fearlessness, joy and active compassion. For the rest of his life, the Buddha taught anyone who asked how they could reach the same state.\r\n\r\nIndia at the time of the Buddha was very spiritually open. Every major philosophical view was present in society, and people expected spirituality to influence their daily lives in positive ways.\r\n\r\nAt this time of great potential, Siddhartha Gautama, the future Buddha, was born into a royal family in what is now Nepal, close to the border with India. Growing up, the Buddha was exceptionally intelligent and compassionate. Tall, strong, and handsome, the Buddha belonged to the Warrior caste. It was predicted that he would become either a great king or spiritual leader. Since his parents wanted a powerful ruler for their kingdom, they tried to prevent Siddharta from seeing the unsatisfactory nature of the world. They surrounded him with every kind of pleasure. He was given five hundred attractive ladies and every opportunity for sports and excitement. He completely mastered the important combat training, even winning his wife, Yasodhara, in an archery contest.\r\n\r\nSuddenly, at age 29, he was confronted with impermanence and suffering. On a rare outing from his luxurious palace, he saw someone desperately sick. The next day, he saw a decrepit old man, and finally a dead person. He was very upset to realize that old age, sickness and death would come to everyone he loved. Siddharta had no refuge to offer them.\r\n\r\nThe next morning the prince walked past a meditator who sat in deep absorption. When their eyes met and their minds linked, Siddhartha stopped, mesmerized. In a flash, he realized that the perfection he had been seeking outside must be within mind itself. Meeting that man gave the future Buddha a first and enticing taste of mind, a true and lasting refuge, which he knew he had to experience himself for the good of all.', 'Buddha_Shakyamuni_painting_tree_enlightenment_Bodghaya.jpg', '', 'buddha2.jpg', 'this is custom filed 1', 'this is custom file 2', '', '', '', '2017-10-13 12:44:54', '2017-10-13 22:30:05'),
(177, 'ေစာင္ေလမ်ိဳးနြယ္', 26, 29, '', '', 'FB_IMG_1454144280488.jpg', 'document43.pdf', '', '', '', '', '', '', '2017-10-14 00:39:09', '2017-10-14 00:39:09'),
(178, 'ေစာင္ေလမ်ိဳးနြယ္ ၂', 26, 29, '', '', 'FB_IMG_1454144280488.jpg', 'document43.pdf', '', '', '', '', '', '', '2017-10-14 00:39:09', '2017-10-14 00:39:09'),
(179, 'ေစာင္ေလမ်ိဳးနြယ္ ၃', 26, 29, '', '', 'FB_IMG_1454144280488.jpg', 'document43.pdf', '', '', '', '', '', '', '2017-10-14 00:39:09', '2017-10-14 00:39:09'),
(180, 'ေစာင္ေလမ်ိဳးနြယ္ ၄', 26, 29, '', '', 'FB_IMG_1454144280488.jpg', 'document43.pdf', '', '', '', '', '', '', '2017-10-14 00:39:09', '2017-10-14 00:39:09'),
(181, 'ေစာင္ေလမ်ိဳးနြယ္ ၅', 26, 29, '', '', 'FB_IMG_1454144280488.jpg', 'document43.pdf', '', '', '', '', '', '', '2017-10-14 00:39:09', '2017-10-14 00:39:09'),
(182, 'ေစာင္ေလမ်ိဳးနြယ္ ၆', 26, 29, '', '', 'FB_IMG_1454144280488.jpg', 'document43.pdf', '', '', '', '', '', '', '2017-10-14 00:39:09', '2017-10-14 00:39:09'),
(183, 'အမ်ိဳး ဘာသာ သာသနာ ထိမ္းသိန္းေစာင့္ေရွာက္ေရး (ဗဟို)', 30, 31, '', '', 'tktjnl.jpg', 'document43.pdf', '', '', '', '', '', '', '2017-10-14 01:06:06', '2017-10-14 01:06:06'),
(184, 'အမ်ိဳး ဘာသာ သာသနာ ထိမ္းသိန္းေစာင့္ေရွာက္ေရး (ဗဟို)', 30, 31, '', '', 'tktjnl.jpg', 'document43.pdf', '', '', '', '', '', '', '2017-10-14 01:06:06', '2017-10-14 01:06:06'),
(185, 'အမ်ိဳး ဘာသာ သာသနာ ထိမ္းသိန္းေစာင့္ေရွာက္ေရး (ဗဟို)', 30, 31, '', '', 'tktjnl.jpg', 'document43.pdf', '', '', '', '', '', '', '2017-10-14 01:06:06', '2017-10-14 01:06:06'),
(186, 'အမ်ိဳး ဘာသာ သာသနာ ထိမ္းသိန္းေစာင့္ေရွာက္ေရး (ဗဟို)', 30, 31, '', '', 'tktjnl.jpg', 'document43.pdf', '', '', '', '', '', '', '2017-10-14 01:06:06', '2017-10-14 01:06:06'),
(187, 'အမ်ိဳး ဘာသာ သာသနာ ထိမ္းသိန္းေစာင့္ေရွာက္ေရး (ဗဟို)', 30, 31, '', '', 'tktjnl.jpg', 'document43.pdf', '', '', '', '', '', '', '2017-10-14 01:06:06', '2017-10-14 01:06:06'),
(188, 'အမ်ိဳး ဘာသာ သာသနာ ထိမ္းသိန္းေစာင့္ေရွာက္ေရး (ဗဟို)', 30, 31, '', '', 'tktjnl.jpg', 'document43.pdf', '', '', '', '', '', '', '2017-10-14 01:06:06', '2017-10-14 01:06:06'),
(189, 'အမ်ိဳး ဘာသာ သာသနာ ထိမ္းသိန္းေစာင့္ေရွာက္ေရး (ဗဟို)', 30, 31, '', '', 'tktjnl.jpg', 'document43.pdf', '', '', '', '', '', '', '2017-10-14 01:06:06', '2017-10-14 01:06:06'),
(190, 'အမ်ိဳး ဘာသာ သာသနာ ထိမ္းသိန္းေစာင့္ေရွာက္ေရး (ဗဟို)', 30, 31, '', '', 'tktjnl.jpg', 'document43.pdf', '', '', '', '', '', '', '2017-10-14 01:06:06', '2017-10-14 01:06:06'),
(191, 'အမ်ိဳးေစာင့္ဥပေဒ အတည္ျပဳျပဌာန္းေရး', 30, 32, '', '', 'ေအာင္ေဇယ်ာတု.jpg', 'document43.pdf', '', '', '', '', '', '', '2017-10-14 01:12:37', '2017-10-14 01:12:37'),
(192, 'အမ်ိဳးေစာင့္ဥပေဒ အတည္ျပဳျပဌာန္းေရး', 30, 32, '', '', 'ေအာင္ေဇယ်ာတု.jpg', 'document43.pdf', '', '', '', '', '', '', '2017-10-14 01:12:37', '2017-10-14 01:12:37'),
(193, 'အမ်ိဳးေစာင့္ဥပေဒ အတည္ျပဳျပဌာန္းေရး', 30, 32, '', '', 'ေအာင္ေဇယ်ာတု.jpg', 'document43.pdf', '', '', '', '', '', '', '2017-10-14 01:12:37', '2017-10-14 01:12:37'),
(194, 'အမ်ိဳးေစာင့္ဥပေဒ အတည္ျပဳျပဌာန္းေရး', 30, 32, '', '', 'ေအာင္ေဇယ်ာတု.jpg', 'document43.pdf', '', '', '', '', '', '', '2017-10-14 01:12:37', '2017-10-14 01:12:37'),
(195, 'အမ်ိဳးေစာင့္ဥပေဒ အတည္ျပဳျပဌာန္းေရး', 30, 32, '', '', 'ေအာင္ေဇယ်ာတု.jpg', 'document43.pdf', '', '', '', '', '', '', '2017-10-14 01:12:37', '2017-10-14 01:12:37'),
(196, 'အမ်ိဳးေစာင့္ဥပေဒ အတည္ျပဳျပဌာန္းေရး', 30, 32, '', '', 'ေအာင္ေဇယ်ာတု.jpg', 'document43.pdf', '', '', '', '', '', '', '2017-10-14 01:12:37', '2017-10-14 01:12:37'),
(197, 'အမ်ိဳးေစာင့္ဥပေဒ အတည္ျပဳျပဌာန္းေရး', 30, 32, '', '', 'ေအာင္ေဇယ်ာတု.jpg', 'document43.pdf', '', '', '', '', '', '', '2017-10-14 01:12:37', '2017-10-14 01:12:37'),
(198, 'အမ်ိဳးေစာင့္ဥပေဒ အတည္ျပဳျပဌာန္းေရး', 30, 32, '', '', 'ေအာင္ေဇယ်ာတု.jpg', 'document43.pdf', '', '', '', '', '', '', '2017-10-14 01:12:37', '2017-10-14 01:12:37'),
(199, 'သီတဂူ ဆရာေတာ္ႏွင့္ ဆရာႀကီး ဦးဦးသာထြန္းတုိ႔ အေမးအေျဖ စကားပြဲ', 2, 13, '၁၉၈၄ ခုႏွစ္ဒီဇင္ဘာ (၂၆) ရက္ေန႔တြင္ ဗမာျပည္ သဲကုန္း သပိတ္အုိင္ ေတာရဆရာေတာ္ အရွင္ အရွင္ညာဏိႆရ အမွဴးျပဳေသာ ဆရာေတာ္ႀကီး (၄)ပါးသည္ ေျမာက္ဦးသုိ႔ ဘုရားဖူးေရာက္ရွိႀကပါသည္။ ထုိစဥ္ ရခုိင္ျပည္ သာသနာေရးကိစၥႏွင့္ ရခုိင္-ျမန္မာ ပ႑ိတ္ဆရာႀကီး ဦးဦးသာထြန္းအား ေမးခြန္းႀကီး (၆) ခြန္း ေမးခဲ႔ပါသည္။', '၁၉၈၄ ခုႏွစ္ဒီဇင္ဘာ (၂၆) ရက္ေန႔တြင္ ဗမာျပည္ သဲကုန္း သပိတ္အုိင္ ေတာရဆရာေတာ္ အရွင္ အရွင္ညာဏိႆရ အမွဴးျပဳေသာ ဆရာေတာ္ႀကီး (၄)ပါးသည္ ေျမာက္ဦးသုိ႔ ဘုရားဖူးေရာက္ရွိႀကပါသည္။ ထုိစဥ္ ရခုိင္ျပည္ သာသနာေရးကိစၥႏွင့္ ရခုိင္-ျမန္မာ ပ႑ိတ္ဆရာႀကီး ဦးဦးသာထြန္းအား ေမးခြန္းႀကီး (၆) ခြန္း ေမးခဲ႔ပါသည္။\r\n\r\n ယင္းသုိ႔ ဆရာေတာ္ ဦးညာဏိႆရ( ယခုသာသနာ့ ဥေသွ်ာင္ ပီနန္ဆရာေတာ္ (၀ါ) သီတဂူဆရာေတာ္ႀကီး) အေမးႏွင့္ ဆရာႀကီး၏ အျပည့္အစုံ ေျဖႀကားခ်က္မ်ားကုိ ျပန္လည္၍ ဆရာႀကီးက အသံသြင္းေပးခဲ႔သည္။ ဆရာႀကီးသည္ ရခုိင္စကားျဖင့္ အသံသြင္းခဲ႔သည္ကုိ ျမန္မာျပည္ရွိတုိင္းရင္းသားမ်ားအားလုံးဖတ္ရွုႏုိင္ရန္အတြက္ ျမန္မာစကားေျပျဖင့္ ျပန္လည္၍ ေရးသားတင္ျပလုိက္ရျခင္းျဖစ္သည္။\r\n\r\n\r\nဆရာေတာ္ ဦးညာဏိႆရ၏ ေမးခြန္းႀကီး (၆) ခြန္း\r\n\r\n\r\nေမးခြန္း (၁)\r\n\r\n          ရခုိင္ျပည္ သာသနာသည္ ေထရ၀ါဒ ဗုဒၶသာသနာမွ ဆင္းသက္လာေသာ သာသနာမဟုတ္၊ မဟာယာန ဂုိဏ္းမွ ဆင္းသက္လာေသာ သာသနာျဖစ္သည္။\r\n\r\nဤအေႀကာင္းကုိ ေျဖရွင္းေပးပါ။\r\n\r\nေမးခြန္း (၂)\r\n          ဗုဒၶ၏ ပါဠိေတာ္ အ႒ကထာႏွင့္ သဂၤါယနာ ေျခာက္တန္စသည္တုိ႔တြင္ မပါရွိပဲ ရခုိင္ျပည္သုိ႔ ျမတ္စြာဘုရား ႀကြေရာက္လာခဲ႔သည္ဟု ရခုိင္ျပည္တြင္ ေရးသားေျပာဆုိေနႀကသည္မွာ ဘုရားေဟာတရားေတာ္ႏွင့္ မကုိက္ညီပါ။\r\nဤအေႀကာင္းကုိ ေျဖရွင္းေပးပါ။\r\n\r\n\r\n\r\nေမးခြန္း (၃)\r\nဗုဒၶ၏ပါဠိေတာ္ အ႒ကထာစသည္တုိ႔၌ မပါရွိပဲ ျမတ္စြာဘုရားသည္ စႏၵသူရိယမင္းႀကီးႏွင့္ ေတြ႔ဆုံျပီး မဟာျမတ္မုနိဘုရားကုိ သြန္းလုပ္ခဲ႔သည္ ဟုေရးသားေျပာဆုိႀကသည္။\r\n\r\nဤအေႀကာင္းကုိ ေျဖရွင္းေပးပါ။\r\n\r\nေမးခြန္း (၄)\r\n\r\nသဂၤါယနာ ေျခာက္တန္သာ ကမၻာက အတည္ျပဳထားသည္။ ရခုိင္ျပည္တြင္ သဂၤါယနာတင္ခဲ႔သည္ဟု ေရးသားေျပာဆုိေနႀကသည္။ ဤသုိ႔ေျပာဆုိေနႀကျခင္းသည္လည္း မဟာအမွားျဖစ္သည္။\r\n\r\nဤအေႀကာင္းကုိလည္း ေျဖရွင္းေပးပါ။\r\n\r\nေမးခြန္း (၅)\r\n\r\n   ရခုိင္ျပည္ရွိ ဓါတ္ေတာ္မ်ားကုိ ေက်ာရုိးေတာ္ဓါတ္၊ ဦးရာဇ္ေတာ္ဓါတ္၊ လည္ရုိးေတာ္ဓါတ္စသည္ျဖင့္ အမ်ဳိးမ်ဳိး အမည္ေပးထားႀကသည္။ ဤအေႀကာင္းကုိလည္း ပါဠိေတာ္ အ႒ကထာစသည္တုိ႔တြင္ မေတြ႔ရ၍ ေျဖရွင္းေပးပါ။\r\n\r\nေမးခြန္း (၆)\r\n\r\nရခုိင္ျပည္တြင္ အသုံးျပဳေသာ ပိဋကတ္ ပါဠိေတာ္မ်ားမွာ ျမန္မာမူျဖစ္သေလာ၊ မည္သည့္မူ ျဖစ္သနည္း။ သဂၤါယနာ ေျခာက္တန္တြင္ ပါေသာမူျဖစ္သေလာ ေျဖရွင္းေပးပါ။', '1.jpg', '', '1.jpg', '', '', '', '', '', '2017-10-14 04:23:58', '2017-10-14 04:23:58'),
(200, 'U mya', 39, 0, 'This is donation des', 'THis is detail', 'received_482375562131625.jpeg', '', 'received_482375565464958.png', '', '', '', '', '', '2017-10-18 08:27:48', '2017-10-18 08:27:48'),
(201, 'Donation Title', 39, 0, 'Thsi is shoret dest', '', '11.jpeg', '', '', '', '', '', '', '', '2017-10-19 07:34:33', '2017-10-19 07:34:33'),
(202, 'ဦးေမာင္ေမာင္', 39, 0, 'အမ်ိဳးဘာသာ သာသနာကို ေစာင့္ေရွာက္မည့္ အမတ္မ်ားကိုသာ ေရြးခ်ယ္ရန္ အမ်ိဳးဘာသာသာသနာ ေစာင့္ေရွာက္ေရးအဖြဲ႔(ဗဟို) က မည္သည့္ပါတီအတြက္မွ ေဆာင္ရြက္ျခင္းမရိွဟု မ.ဘ.သ ဗဟို၀န္ေဆာင္ ဆရာေတာ္ ေဒါက္တာ ဓမၼပီရက...', '', 'received_482375595464955.jpeg', '', '', '', '', '', '', '', '2017-10-19 08:21:11', '2017-10-19 08:21:11'),
(203, 'ကန္ေတာ္ႀကီးပဲေလစ့္ ဟိုတယ္မီးေလာင္မႈျဖစ္', 2, 13, 'မီးေလာင္မႈ အဆင့္ Level 5 သတ္မွတ္ခဲ့ရၿပီး ဟိုတယ္ရဲ႕ ၈၀ ရာခိုင္ႏႈန္းမီးေလာင္ကၽြမ္းသြားပါတယ္။\r\nကန္ေတာ္ႀကီးပဲေလ့စ္ဟုိတယ္မွာ ဒီေန႔မနက္(ေအာက္ဆိုဘာ ၁၉ ရက္) ၃ နာရီအခ်ိန္ေလာက္က မီးေလာင္မႈျဖစ္ပြားခဲ့ၿပီး မနက္ ၆ နာရီမွာ မီးညႊန္႔က်ိဳးသြားတယ္လို႔ သိရပါတယ္။', 'မီးေလာင္မႈ အဆင့္ Level 5 သတ္မွတ္ခဲ့ရၿပီး ဟိုတယ္ရဲ႕ ၈၀ ရာခိုင္ႏႈန္းမီးေလာင္ကၽြမ္းသြားပါတယ္။\r\nကန္ေတာ္ႀကီးပဲေလ့စ္ဟုိတယ္မွာ ဒီေန႔မနက္(ေအာက္ဆိုဘာ ၁၉ ရက္) ၃ နာရီအခ်ိန္ေလာက္က မီးေလာင္မႈျဖစ္ပြားခဲ့ၿပီး မနက္ ၆ နာရီမွာ မီးညႊန္႔က်ိဳးသြားတယ္လို႔ သိရပါတယ္။\r\nမီးေလာင္မႈေၾကာင့္ မီးၿငႇိမ္းသတ္တဲ့ မီးသတ္တပ္ဖြဲ႔ဝင္တခ်ိဳ႕နဲ႔ ဟိုတယ္မွာ တည္းခိုေနတဲ့ ႏိုင္ငံျခားသားတစ္ဦး ဒဏ္ရာရ႐ွိခဲ့တယ္လို႔ ျမန္မာနိုင္ငံမီးသတ္တပ္ဖြဲ႕ကေန သိရပါတယ္။\r\nအဆိုပါမီးေလာင္မႈကုိ ျမန္မာႏိုင္ငံမီးသတ္တပ္ဖြဲ႕က မီးေလာင္မႈ အဆင့္ Level 5 သတ္မွတ္ခဲ့ရၿပီး မီးေလာင္မႈျဖစ္ပြားတဲ့ေနရာကို စုစုေပါင္းအင္အား(၅၀၀) ေလာက္က အုပ္ခ်ဳပ္မႈယာဥ္(၅)စီး၊ မီးသတ္ယာဥ္(၅၀)စီး၊ အေထာက္အကူျပဳယာဥ္ (၁၀)စီးနဲ႔ ၿငိွမ္းသတ္ခဲ့ရကာ\r\nဟိုတယ္မွာ တည္းခိုေနထိုင္ေနတဲ့သူေတြကုိ ခ်က္ထရီယမ္ဟိုတယ္နဲ႔ ဂ်က္စမင္ပဲေလ့စ္ဟိုတယ္ကုိ ေျပာင္းေရႊ႕ေနရာခ်ထားေပးတယ္လို႔ သိရပါတယ္။\r\n၀ါယာေရွာ့ျဖစ္တာကေန မီးစတင္ေလာင္ကၽြမ္းခဲ့တာလို႔ သိရၿပီး ပ်က္စီးဆံုးရႈံးမႈ တန္ဖိုးအေသးစိတ္ကုိေတာ့ ျမန္မာႏိုင္ငံမီးသတ္တပ္ဖြဲ႕က ထုတ္ျပန္ျခင္းမရွိေသးပါဘူး။\r\n\r\nSource & Photos : Myanmar Fire Service,7Day', '1.jpg', '', '2.jpg', '', '', '', '', '', '2017-10-19 08:26:23', '2017-10-19 08:26:23'),
(204, 'မဘသအမည္ဖ်က္သိမ္း၍ “ဗုဒၶဓမၼ ပရဟိတ ေဖာင္းေဒး႐ွင္း” အမည္ျဖင့္ ဆက္လက္ရပ္တည္မည္', 40, 0, 'ရန္ကုန္၊ ေမ ၂၈ ။          ။အမ်ိဳးဘာသာသာသနာေစာင့္ေရွာေရးအဖဲြ႔၏ မဘသအမည္ကို ဆက္လက္မသံုးစဲြဘဲ “ဗုဒၶဓမၼ ပရဟိတေဖာင္းေဒးရွင္း” အမည္ျဖင္႔ ရပ္တည္သြားမည္ဟု ေမ ၂၈ရက္တြင္ အင္းစိန္ၿမိဳ႕နယ္ ေအာင္ဆန္းေတာရတပ္ဦးေက်ာင္းတြင္ ဒုတိယေန႔ ျပဳလုပ္သည့္ အမ်ိဳးဘာသာသာသနာ ေစာင့္ေရွာက္ေရးအဖဲြ႔ မဘသ(ဗဟို) အသိေပး ရွင္းလင္းပဲြတြင္ ထုတ္ျပန္ခဲ့သည္။', '', '3.jpg', '', '', '', '', '', '', '', '2017-10-19 08:33:19', '2017-10-19 08:33:19'),
(205, 'မဘသ မဂၤလာေတာင္ညႊန္႔ျဖစ္စဥ္တြင္ ပါ၀င္ျခင္းမရိွဟု သတင္းစာရွင္းလင္းပြဲလုပ္မည္', 40, 0, 'ရန္ကုန္၊ ေမလ ၁၃ ။            ။ သာေကတႏွင့္ မဂၤလာေတာင္ညႊန္႔ၿမိဳ႕နယ္မ်ားတြင္ ျဖစ္ပြားခဲ့ေသာ ကိစၥရပ္မ်ားႏွင့္ ပတ္သက္၍ မဘသမွ တစံုတရာ ပါ၀င္ပတ္သက္မႈမရွိေၾကာင္း တံု႔ျပန္ခဲ့ၿပီး သတင္းစာရွင္းလင္းပြဲ ျပဳလုပ္သြားမည္ဟု သိရသည္။', '', 'MaBaTha.jpg', '', '', '', '', '', '', '', '2017-10-19 08:34:06', '2017-10-19 08:34:06'),
(206, 'မဘသ တံဆိပ္ျဖင့္ ႏုိင္ငံေရးလႈံ႔ေဆာင္မႈ ရပ္ရန္ မဘသအဖြဲ႕ အျပင္းအထန္သတိေပး', 40, NULL, 'ရန္ကုန္၊ ေအာက္တုိဘာ ၄ ။ ။ အမ်ိဳးဘာသာသာသနာေစာင့္ေရွာက္ေရးအဖြဲ႔(မဘသ) တံဆိပ္မ်ားကို အသုံးျပဳကာ ႏိုင္ငံေရးလႈံ႕ေဆာ္ေနမႈမ်ားကို ရပ္တန္းကရပ္ၾကရန္ အျပင္းအထန္သတိေပးေၾကာင္း ေအာက္တိုဘာ ၄ရက္က အစိုးရပိုင္ ရန္ကုန္ၿမိဳ႕ သုဝဏၰမိုးလံုေလလံု အားကစားၿပိဳင္ပြဲ႐ုံ (၁)တြင္ က်င္းပသည့္ အမ်ိဳးေစာင့္ဥပေဒေပၚေပါက္လာျခင္း အထိမ္းအမွတ္ ႀကိဳဆိုဂုဏ္ျပဳပြဲတြင္ သေဘာထား ေၾကျငာခ်က္ ထုတ္ျပန္လိုက္သည္။', 'aa', '4.JPG', '', '', '', '', '', '', '', '2017-10-19 08:36:31', '2017-10-19 09:13:50'),
(207, 'Aung Soe OO', 41, 0, 'Hi , I\'m Aung Soe Oo.\r\nNice to meet you.', '', 'JPEG Image (34470225).jpg', '', '', '', '', '', '', '', '2017-10-19 10:16:17', '2017-10-19 10:16:17'),
(208, 'Hein Htet Aung', 41, 0, 'Hi , I\'m Hein Htet Aung.\r\nI am senior web developer..', '', 'FB_IMG_1463988411087.jpg', '', '', '', '', '', '', '', '2017-10-19 10:19:23', '2017-10-19 10:19:23'),
(209, 'Activity 1', 11, 15, '', '', '12.jpeg', '', '', '', '', '', '', '', '2017-10-20 09:05:44', '2017-10-20 09:05:44'),
(210, 'News photo', 11, 14, '', '', '3.jpg', '', '', '', '', '', '', '', '2017-10-20 09:06:29', '2017-10-20 09:06:29'),
(211, 'Activity 2', 11, 15, '', '', 'received_482375572131624.jpeg', '', '', '', '', '', '', '', '2017-10-20 09:07:14', '2017-10-20 09:07:14'),
(212, 'Activity 3', 11, 15, '', '', 'received_482375435464971.jpeg', '', '', '', '', '', '', '', '2017-10-20 09:10:32', '2017-10-20 09:10:32'),
(213, 'Activity 4', 11, 15, '', '', '6.jpeg', '', '', '', '', '', '', '', '2017-10-20 09:11:03', '2017-10-20 09:11:03'),
(214, 'Activity 5', 11, 15, '', '', 'received_482375595464955.jpeg', '', '', '', '', '', '', '', '2017-10-20 09:11:29', '2017-10-20 09:11:29'),
(215, 'News photo2', 11, 14, '', '', '1.jpg', '', '', '', '', '', '', '', '2017-10-20 09:11:55', '2017-10-20 09:11:55'),
(216, 'News photo3', 11, 14, '', '', '2H9A1595.JPG', '', '', '', '', '', '', '', '2017-10-20 09:12:30', '2017-10-20 09:12:30'),
(217, 'Activity 6', 11, 15, '', '', 'received_482375595464955.jpeg', '', '', '', '', '', '', '', '2017-10-20 09:41:36', '2017-10-20 09:41:36'),
(218, 'Activity 7', 11, 15, '', '', 'received_482375578798290.jpeg', '', '', '', '', '', '', '', '2017-10-20 09:41:57', '2017-10-20 09:41:57'),
(219, 'Activity 8', 11, 15, '', '', 'received_482375572131624.jpeg', '', '', '', '', '', '', '', '2017-10-20 09:42:18', '2017-10-20 09:42:18'),
(220, 'News photo 4', 11, 14, '', '', '1.jpg', '', '', '', '', '', '', '', '2017-10-20 10:12:23', '2017-10-20 10:12:23'),
(221, 'News photo 5', 11, 14, '', '', '2.jpg', '', '', '', '', '', '', '', '2017-10-20 10:12:42', '2017-10-20 10:12:42'),
(222, 'ေဗဒါလမ္း', 35, 0, '', '', 'ူူpoem1.jpeg', '', '', '', '', '', '', '', '2017-10-20 11:29:02', '2017-10-20 11:29:02'),
(223, '၃၈ ျဖာ မဂၤလာ', 35, 0, '', '', '၃၈.jpeg', '', '', '', '', '', '', '', '2017-10-20 11:31:24', '2017-10-20 11:31:24'),
(224, 'Abidama book', 26, 27, '', '', '4.JPG', '__အနာဂတ္ပဥၥမျမန္မာႏိုင္ငံေတာ္အေၾကာင္း ဦးကိုနီ စကၤာပူမွာ ရွင္းလင္းခဲ့ပုံ___ _ Dawnmanhon.pdf', '', '', '', '', '', '', '2017-10-27 11:22:13', '2017-10-27 11:22:13'),
(225, 'ဂ်ာနယ္', 30, 31, 'dfgege', 'edgegege', 'tktjnl.jpg', 'HTU-21D.pdf', '', '', '', '', '', '', '2017-10-27 23:47:15', '2017-10-27 23:47:15'),
(226, 'Baydaroan', 35, 0, 'tst', 'test', 'ူူpoem1.jpeg', 'demo.pdf', '', '', '', '', '', '', '2017-10-28 00:13:10', '2017-10-28 00:13:10');

-- --------------------------------------------------------

--
-- Table structure for table `postsmeta`
--

CREATE TABLE `postsmeta` (
  `id` int(10) UNSIGNED NOT NULL,
  `post_id` int(11) NOT NULL,
  `meta_key` varchar(191) COLLATE utf8mb4_unicode_ci NOT NULL,
  `meta_description` varchar(191) COLLATE utf8mb4_unicode_ci NOT NULL,
  `created_at` timestamp NULL DEFAULT NULL,
  `updated_at` timestamp NULL DEFAULT NULL
) ENGINE=InnoDB DEFAULT CHARSET=utf8mb4 COLLATE=utf8mb4_unicode_ci;

-- --------------------------------------------------------

--
-- Table structure for table `registration_form`
--

CREATE TABLE `registration_form` (
  `id` int(10) UNSIGNED NOT NULL,
  `name` varchar(191) COLLATE utf8_unicode_ci NOT NULL,
  `father_name` varchar(191) COLLATE utf8_unicode_ci NOT NULL,
  `nrc` varchar(191) COLLATE utf8_unicode_ci NOT NULL,
  `phone_no` varchar(191) COLLATE utf8_unicode_ci NOT NULL,
  `address` varchar(191) COLLATE utf8_unicode_ci NOT NULL,
  `organization` varchar(191) COLLATE utf8_unicode_ci DEFAULT NULL,
  `gender` varchar(191) COLLATE utf8_unicode_ci DEFAULT NULL,
  `monastery_name` varchar(191) COLLATE utf8_unicode_ci DEFAULT NULL,
  `is_party` varchar(191) COLLATE utf8_unicode_ci DEFAULT NULL,
  `education` varchar(191) COLLATE utf8_unicode_ci DEFAULT NULL,
  `created_at` timestamp NULL DEFAULT NULL,
  `updated_at` timestamp NULL DEFAULT NULL
) ENGINE=InnoDB DEFAULT CHARSET=utf8 COLLATE=utf8_unicode_ci;

--
-- Dumping data for table `registration_form`
--

INSERT INTO `registration_form` (`id`, `name`, `father_name`, `nrc`, `phone_no`, `address`, `organization`, `gender`, `monastery_name`, `is_party`, `education`, `created_at`, `updated_at`) VALUES
(1, 'aso', 'u kyaw hla', '9/pamana3843838', '093738438', 'pyinmana', 'KYPO', NULL, 'abatha', NULL, NULL, '2017-10-16 10:48:19', '2017-10-16 10:48:19'),
(2, 'kyaw', 'U Ba', '9/38743483', '093483783', 'Mdy', 'NGO', NULL, 'Minkon', '1', 'BSc', '2017-10-18 01:44:28', '2017-10-18 01:44:28'),
(3, 'mama', 'U Mya', '12/3848384', '09374388374', 'TaungGYI', NULL, 'female', NULL, NULL, 'Grade11', '2017-10-18 01:48:38', '2017-10-18 01:48:38'),
(4, 'myamya', 'U Mg hla', '7/yataa38483483', '093874384783', 'YGN', 'Shwe', 'female', 'BaHan', NULL, 'MSc', '2017-10-18 02:14:17', '2017-10-18 02:14:17'),
(5, 'ေအာင္ေအာင္', 'ဦးေမာင္ၾကီး', '၉/မအပ(နိင္)၄၇၂၈၂', '၀၉၃၄၃၇၄၈၃', 'မႏၱေလးျမိဳ့', NULL, 'male', 'ေဇတဝန္ေက်ာင္း', NULL, 'BSc', '2017-10-18 02:20:49', '2017-10-18 02:20:49'),
(6, 'john', 'Michael John', '9/pnamand(n)348383', '0938438438748', 'taxus', 'NGO', 'male', NULL, '1', 'Phd', '2017-10-18 02:23:52', '2017-10-18 02:23:52'),
(7, 'foo', 'ber', '9/3748348347', '8388343838', 'Ygn', 'Shwe Youth', 'male', '', '1', 'BE', '2017-10-18 03:14:24', '2017-10-18 03:14:24'),
(8, 'foo', 'ber', '9/3748348347', '8388343838', 'Ygn', 'Shwe Youth', 'male', '', '1', 'BE', '2017-10-18 03:15:19', '2017-10-18 03:15:19'),
(9, 'foo', 'ber', '9/3748348347', '8388343838', 'Ygn', 'Shwe Youth', 'male', '', '1', 'BE', '2017-10-18 03:15:29', '2017-10-18 03:15:29'),
(10, 'foo', 'ber', '9/3748348347', '8388343838', 'Ygn', 'Shwe Youth', 'male', '', '1', 'BE', '2017-10-18 03:17:32', '2017-10-18 03:17:32'),
(11, 'testmail', 'testmial@gmail.com', '9/3483483', '454545454', 'tng', '', 'male', 'dfedege', '1', 'BE', '2017-10-18 03:26:48', '2017-10-18 03:26:48'),
(12, 'johndoe', 'mr john smith', '9/pamana(N)38438483', '093483483483', 'kiejie', 'INGO', 'male', 'BaHan', '1', 'PHd.', '2017-10-18 03:29:19', '2017-10-18 03:29:19'),
(13, 'ေက်ာ္ေက်္ာ', 'ဦးေက်ာ္ဟိန္း', '၉/မအပ(နိင္)၄၇၂၈၂', '၀၉၃၄၈၃၇၄၈၃', 'မအူပင္။ဧရာဝတီတိုင္း', 'အလင္းေရာင္ လူမွုကူညီေရး', 'male', 'ဦးဥတၱမေက်ာင္း', '1', '၁၀ တန္း ေအာင္', '2017-10-18 03:32:30', '2017-10-18 03:32:30'),
(14, 'test name', 'test f name', '9/pdkfkd3783438', '03939393', 'YGN', 'IGO', 'male', 'kjgbkd', '1', 'BE', '2017-10-20 11:49:34', '2017-10-20 11:49:34'),
(15, 'aungsoeoo', 'u hla', '9/pamana(N)34738483', '093874838374', 'ygn', 'KPYO', 'male', 'baka', '1', 'BE(CE)', '2017-10-25 09:31:55', '2017-10-25 09:31:55');

-- --------------------------------------------------------

--
-- Table structure for table `student_registration_form`
--

CREATE TABLE `student_registration_form` (
  `id` int(10) UNSIGNED NOT NULL,
  `name` varchar(191) COLLATE utf8mb4_unicode_ci NOT NULL,
  `father_name` varchar(191) COLLATE utf8mb4_unicode_ci NOT NULL,
  `father_nrc` varchar(191) COLLATE utf8mb4_unicode_ci NOT NULL,
  `passed_school` varchar(191) COLLATE utf8mb4_unicode_ci NOT NULL,
  `roll_no` int(11) NOT NULL,
  `phone_no` varchar(191) COLLATE utf8mb4_unicode_ci NOT NULL,
  `email` varchar(191) COLLATE utf8mb4_unicode_ci NOT NULL,
  `gender` varchar(191) COLLATE utf8mb4_unicode_ci NOT NULL,
  `address` varchar(191) COLLATE utf8mb4_unicode_ci NOT NULL,
  `created_at` timestamp NULL DEFAULT NULL,
  `updated_at` timestamp NULL DEFAULT NULL
) ENGINE=InnoDB DEFAULT CHARSET=utf8mb4 COLLATE=utf8mb4_unicode_ci;

--
-- Dumping data for table `student_registration_form`
--

INSERT INTO `student_registration_form` (`id`, `name`, `father_name`, `father_nrc`, `passed_school`, `roll_no`, `phone_no`, `email`, `gender`, `address`, `created_at`, `updated_at`) VALUES
(1, 'mgmg', 'U Mya', '12/maapa(N)12345', 'Mandalay', 2, '0912345678', 'umya@gmail.com', 'male', '', NULL, NULL);

-- --------------------------------------------------------

--
-- Table structure for table `users`
--

CREATE TABLE `users` (
  `id` int(10) UNSIGNED NOT NULL,
  `name` varchar(191) COLLATE utf8mb4_unicode_ci NOT NULL,
  `email` varchar(191) COLLATE utf8mb4_unicode_ci NOT NULL,
  `password` varchar(191) COLLATE utf8mb4_unicode_ci NOT NULL,
  `role` tinyint(4) NOT NULL,
  `remember_token` varchar(100) COLLATE utf8mb4_unicode_ci DEFAULT NULL,
  `created_at` timestamp NULL DEFAULT NULL,
  `updated_at` timestamp NULL DEFAULT NULL
) ENGINE=InnoDB DEFAULT CHARSET=utf8mb4 COLLATE=utf8mb4_unicode_ci;

--
-- Dumping data for table `users`
--

INSERT INTO `users` (`id`, `name`, `email`, `password`, `role`, `remember_token`, `created_at`, `updated_at`) VALUES
(1, 'Admin', 'admin@gmail.com', '$2y$10$XfoY7Vweu.o0dKQrZUIeNuhwpyhVwmoID4jPPMgBnOBl3vJouXs2O', 1, 'zF8oZ97kpO9qYXKrajU66hcOlDdye7Ndtl9LGnIzMTcGg6I2Ys7feZCX4SST', NULL, NULL),
(2, 'Customer', 'customer@gmail.com', '$2y$10$njN15Jc4SNvTpALNNwhdZ.BKrNqnlxAd/qKOsZETXpPwxHc5M/Eq2', 0, NULL, NULL, NULL);

--
-- Indexes for dumped tables
--

--
-- Indexes for table `book_form`
--
ALTER TABLE `book_form`
  ADD PRIMARY KEY (`id`);

--
-- Indexes for table `category`
--
ALTER TABLE `category`
  ADD PRIMARY KEY (`id`);

--
-- Indexes for table `contact_form`
--
ALTER TABLE `contact_form`
  ADD PRIMARY KEY (`id`),
  ADD UNIQUE KEY `contact_form_email_unique` (`email`);

--
-- Indexes for table `migrations`
--
ALTER TABLE `migrations`
  ADD PRIMARY KEY (`id`);

--
-- Indexes for table `password_resets`
--
ALTER TABLE `password_resets`
  ADD KEY `password_resets_email_index` (`email`);

--
-- Indexes for table `posts`
--
ALTER TABLE `posts`
  ADD PRIMARY KEY (`id`);

--
-- Indexes for table `postsmeta`
--
ALTER TABLE `postsmeta`
  ADD PRIMARY KEY (`id`);

--
-- Indexes for table `registration_form`
--
ALTER TABLE `registration_form`
  ADD PRIMARY KEY (`id`);

--
-- Indexes for table `student_registration_form`
--
ALTER TABLE `student_registration_form`
  ADD PRIMARY KEY (`id`),
  ADD UNIQUE KEY `student_registration_form_email_unique` (`email`);

--
-- Indexes for table `users`
--
ALTER TABLE `users`
  ADD PRIMARY KEY (`id`),
  ADD UNIQUE KEY `users_email_unique` (`email`);

--
-- AUTO_INCREMENT for dumped tables
--

--
-- AUTO_INCREMENT for table `book_form`
--
ALTER TABLE `book_form`
  MODIFY `id` int(11) NOT NULL AUTO_INCREMENT, AUTO_INCREMENT=4;

--
-- AUTO_INCREMENT for table `category`
--
ALTER TABLE `category`
  MODIFY `id` int(10) UNSIGNED NOT NULL AUTO_INCREMENT, AUTO_INCREMENT=42;

--
-- AUTO_INCREMENT for table `contact_form`
--
ALTER TABLE `contact_form`
  MODIFY `id` int(10) UNSIGNED NOT NULL AUTO_INCREMENT, AUTO_INCREMENT=14;

--
-- AUTO_INCREMENT for table `migrations`
--
ALTER TABLE `migrations`
  MODIFY `id` int(10) UNSIGNED NOT NULL AUTO_INCREMENT, AUTO_INCREMENT=15;

--
-- AUTO_INCREMENT for table `posts`
--
ALTER TABLE `posts`
  MODIFY `id` int(10) UNSIGNED NOT NULL AUTO_INCREMENT, AUTO_INCREMENT=227;

--
-- AUTO_INCREMENT for table `postsmeta`
--
ALTER TABLE `postsmeta`
  MODIFY `id` int(10) UNSIGNED NOT NULL AUTO_INCREMENT;

--
-- AUTO_INCREMENT for table `registration_form`
--
ALTER TABLE `registration_form`
  MODIFY `id` int(10) UNSIGNED NOT NULL AUTO_INCREMENT, AUTO_INCREMENT=16;

--
-- AUTO_INCREMENT for table `student_registration_form`
--
ALTER TABLE `student_registration_form`
  MODIFY `id` int(10) UNSIGNED NOT NULL AUTO_INCREMENT, AUTO_INCREMENT=2;

--
-- AUTO_INCREMENT for table `users`
--
ALTER TABLE `users`
  MODIFY `id` int(10) UNSIGNED NOT NULL AUTO_INCREMENT, AUTO_INCREMENT=3;
COMMIT;

/*!40101 SET CHARACTER_SET_CLIENT=@OLD_CHARACTER_SET_CLIENT */;
/*!40101 SET CHARACTER_SET_RESULTS=@OLD_CHARACTER_SET_RESULTS */;
/*!40101 SET COLLATION_CONNECTION=@OLD_COLLATION_CONNECTION */;
